                  epoch,         train/box_loss,         train/seg_loss,         train/obj_loss,         train/cls_loss,   metrics/precision(B),      metrics/recall(B),     metrics/mAP_0.5(B),metrics/mAP_0.5:0.95(B),   metrics/precision(M),      metrics/recall(M),     metrics/mAP_0.5(M),metrics/mAP_0.5:0.95(M),           val/box_loss,           val/seg_loss,           val/obj_loss,           val/cls_loss,                  x/lr0,                  x/lr1,                  x/lr2
                      0,               0.043944,               0.050213,               0.062847,               0.019501,                0.73386,                0.65411,                0.72493,                0.49546,                0.70015,                0.62927,                0.67084,                0.41737,               0.040128,               0.037317,               0.036173,              0.0093637,                 0.0937,                 0.0007,                 0.0007
                      1,               0.042303,               0.049904,               0.060812,               0.019102,                0.73368,                0.65539,                0.73166,                0.49993,                0.70155,                0.61652,                0.67181,                0.41633,               0.040028,               0.036873,               0.035836,              0.0090261,               0.086005,               0.001005,               0.001005
                      2,                0.04314,               0.048403,               0.069046,               0.018076,                0.78581,                0.66432,                 0.7509,                0.51944,                0.76551,                0.63059,                0.68775,                0.43208,               0.039454,               0.036108,               0.034966,              0.0081789,               0.077782,               0.000782,               0.000782
                      3,                0.78909,                0.66722,                0.75148,                0.51932,                0.76672,                0.63176,                0.68875,                0.43333,               0.039456,               0.036107,               0.034964,              0.0081782
